,x,y,v,Subtypes,colors
0,0,0,38_CA,CA,#98df8a
1,0,1,37_CA,CA,#98df8a
2,0,2,33_CA,CA,#98df8a
3,0,3,39_CA,CA,#98df8a
4,0,4,31_CA,CA,#98df8a
5,0,5,25_CA,CA,#98df8a
6,0,6,27_CA,CA,#98df8a
7,0,7,21_CA,CA,#98df8a
8,0,8,9_CA,CA,#98df8a
9,0,9,15_CA,CA,#98df8a
10,0,10,3_CA,CA,#98df8a
11,0,11,19_GC,GC,#9467bd
12,0,12,13_GC,GC,#9467bd
13,0,13,1_GC,GC,#9467bd
14,0,14,7_GC,GC,#9467bd
15,0,15,4_GC,GC,#9467bd
16,0,16,6_CG,CG,#c5b0d5
17,0,17,KMCGG: Transcript k-mer CGG content,kmer,#8c564b
18,0,18,KMGCG: Transcript k-mer GCG content,kmer,#8c564b
19,0,19,CG,CG,#c5b0d5
20,0,20,KMCGC: Transcript k-mer CGC content,kmer,#8c564b
21,0,21,KMCCG: Transcript k-mer CCG content,kmer,#8c564b
22,0,22,18_CG,CG,#c5b0d5
23,0,23,21_CG,CG,#c5b0d5
24,0,24,24_CG,CG,#c5b0d5
25,0,25,2_CC,CC,#1f77b4
26,0,26,11_CC,CC,#1f77b4
27,1,0,35_CA,CA,#98df8a
28,1,1,32_CA,CA,#98df8a
29,1,2,36_CA,CA,#98df8a
30,1,3,40_CA,CA,#98df8a
31,1,4,28_CA,CA,#98df8a
32,1,5,30_CA,CA,#98df8a
33,1,6,24_CA,CA,#98df8a
34,1,7,19_CA,CA,#98df8a
35,1,8,13_CA,CA,#98df8a
36,1,9,7_CA,CA,#98df8a
37,1,10,KMGCA: Transcript k-mer GCA content,kmer,#8c564b
38,1,11,34_GC,GC,#9467bd
39,1,12,22_GC,GC,#9467bd
40,1,13,16_GC,GC,#9467bd
41,1,14,KMGGC: Transcript k-mer GGC content,kmer,#8c564b
42,1,15,3_CG,CG,#c5b0d5
43,1,16,2_GC,GC,#9467bd
44,1,17,KMCGT: Transcript k-mer CGT content,kmer,#8c564b
45,1,18,KMTCG: Transcript k-mer TCG content,kmer,#8c564b
46,1,19,KMACG: Transcript k-mer ACG content,kmer,#8c564b
47,1,20,KMCGA: Transcript k-mer CGA content,kmer,#8c564b
48,1,21,15_CG,CG,#c5b0d5
49,1,22,27_CG,CG,#c5b0d5
50,1,23,30_CG,CG,#c5b0d5
51,1,24,33_CG,CG,#c5b0d5
52,1,25,8_CC,CC,#1f77b4
53,1,26,17_CC,CC,#1f77b4
54,2,0,23_CA,CA,#98df8a
55,2,1,26_CA,CA,#98df8a
56,2,2,29_CA,CA,#98df8a
57,2,3,34_CA,CA,#98df8a
58,2,4,16_CA,CA,#98df8a
59,2,5,22_CA,CA,#98df8a
60,2,6,18_CA,CA,#98df8a
61,2,7,12_CA,CA,#98df8a
62,2,8,CA,CA,#98df8a
63,2,9,6_CA,CA,#98df8a
64,2,10,3_AC,AC,#2ca02c
65,2,11,1_AC,AC,#2ca02c
66,2,12,25_GC,GC,#9467bd
67,2,13,28_GC,GC,#9467bd
68,2,14,10_GC,GC,#9467bd
69,2,15,11_GC,GC,#9467bd
70,2,16,2_CG,CG,#c5b0d5
71,2,17,11_CG,CG,#c5b0d5
72,2,18,9_CG,CG,#c5b0d5
73,2,19,12_CG,CG,#c5b0d5
74,2,20,17_CG,CG,#c5b0d5
75,2,21,26_CG,CG,#c5b0d5
76,2,22,39_CG,CG,#c5b0d5
77,2,23,36_CG,CG,#c5b0d5
78,2,24,KMGCC: Transcript k-mer GCC content,kmer,#8c564b
79,2,25,5_CC,CC,#1f77b4
80,2,26,29_CC,CC,#1f77b4
81,3,0,20_CA,CA,#98df8a
82,3,1,14_CA,CA,#98df8a
83,3,2,2_AC,AC,#2ca02c
84,3,3,8_CA,CA,#98df8a
85,3,4,KMACA: Transcript k-mer ACA content,kmer,#8c564b
86,3,5,10_CA,CA,#98df8a
87,3,6,4_CA,CA,#98df8a
88,3,7,6_AC,AC,#2ca02c
89,3,8,4_AC,AC,#2ca02c
90,3,9,9_AC,AC,#2ca02c
91,3,10,7_AC,AC,#2ca02c
92,3,11,KMCAG: Transcript k-mer CAG content,kmer,#8c564b
93,3,12,31_GC,GC,#9467bd
94,3,13,32_GC,GC,#9467bd
95,3,14,26_GC,GC,#9467bd
96,3,15,14_GC,GC,#9467bd
97,3,16,8_GC,GC,#9467bd
98,3,17,5_GC,GC,#9467bd
99,3,18,8_CG,CG,#c5b0d5
100,3,19,20_CG,CG,#c5b0d5
101,3,20,23_CG,CG,#c5b0d5
102,3,21,32_CG,CG,#c5b0d5
103,3,22,29_CG,CG,#c5b0d5
104,3,23,38_CG,CG,#c5b0d5
105,3,24,10_CC,CC,#1f77b4
106,3,25,20_CC,CC,#1f77b4
107,3,26,32_CC,CC,#1f77b4
108,4,0,17_CA,CA,#98df8a
109,4,1,11_CA,CA,#98df8a
110,4,2,5_CA,CA,#98df8a
111,4,3,8_AC,AC,#2ca02c
112,4,4,2_CA,CA,#98df8a
113,4,5,AC,AC,#2ca02c
114,4,6,KMCAC: Transcript k-mer CAC content,kmer,#8c564b
115,4,7,KMGAC: Transcript k-mer GAC content,kmer,#8c564b
116,4,8,10_AC,AC,#2ca02c
117,4,9,KMATC: Transcript k-mer ATC content,kmer,#8c564b
118,4,10,13_AC,AC,#2ca02c
119,4,11,1_CA,CA,#98df8a
120,4,12,40_GC,GC,#9467bd
121,4,13,35_GC,GC,#9467bd
122,4,14,23_GC,GC,#9467bd
123,4,15,20_GC,GC,#9467bd
124,4,16,17_GC,GC,#9467bd
125,4,17,5_CG,CG,#c5b0d5
126,4,18,14_CG,CG,#c5b0d5
127,4,19,28_CG,CG,#c5b0d5
128,4,20,40_CG,CG,#c5b0d5
129,4,21,34_CG,CG,#c5b0d5
130,4,22,35_CG,CG,#c5b0d5
131,4,23,CC,CC,#1f77b4
132,4,24,4_CC,CC,#1f77b4
133,4,25,14_CC,CC,#1f77b4
134,4,26,26_CC,CC,#1f77b4
135,5,0,11_AC,AC,#2ca02c
136,5,1,14_AC,AC,#2ca02c
137,5,2,5_AC,AC,#2ca02c
138,5,3,20_AC,AC,#2ca02c
139,5,4,35_AC,AC,#2ca02c
140,5,5,KMTCA: Transcript k-mer TCA content,kmer,#8c564b
141,5,6,12_AC,AC,#2ca02c
142,5,7,16_AC,AC,#2ca02c
143,5,8,25_AC,AC,#2ca02c
144,5,9,18_AC,AC,#2ca02c
145,5,10,19_AC,AC,#2ca02c
146,5,11,15_AC,AC,#2ca02c
147,5,12,37_GC,GC,#9467bd
148,5,13,38_GC,GC,#9467bd
149,5,14,29_GC,GC,#9467bd
150,5,15,18_GC,GC,#9467bd
151,5,16,3_GC,GC,#9467bd
152,5,17,10_CG,CG,#c5b0d5
153,5,18,13_CG,CG,#c5b0d5
154,5,19,19_CG,CG,#c5b0d5
155,5,20,31_CG,CG,#c5b0d5
156,5,21,37_CG,CG,#c5b0d5
157,5,22,KMACC: Transcript k-mer ACC content,kmer,#8c564b
158,5,23,9_CC,CC,#1f77b4
159,5,24,6_CC,CC,#1f77b4
160,5,25,16_CC,CC,#1f77b4
161,5,26,35_CC,CC,#1f77b4
162,6,0,8_AA,AA,#d62728
163,6,1,17_AC,AC,#2ca02c
164,6,2,23_AC,AC,#2ca02c
165,6,3,29_AC,AC,#2ca02c
166,6,4,26_AC,AC,#2ca02c
167,6,5,32_AC,AC,#2ca02c
168,6,6,38_AC,AC,#2ca02c
169,6,7,40_AC,AC,#2ca02c
170,6,8,34_AC,AC,#2ca02c
171,6,9,28_AC,AC,#2ca02c
172,6,10,21_AC,AC,#2ca02c
173,6,11,22_AC,AC,#2ca02c
174,6,12,39_GC,GC,#9467bd
175,6,13,36_GC,GC,#9467bd
176,6,14,30_GC,GC,#9467bd
177,6,15,15_GC,GC,#9467bd
178,6,16,9_GC,GC,#9467bd
179,6,17,4_CG,CG,#c5b0d5
180,6,18,7_CG,CG,#c5b0d5
181,6,19,16_CG,CG,#c5b0d5
182,6,20,22_CG,CG,#c5b0d5
183,6,21,25_CG,CG,#c5b0d5
184,6,22,KMCCA: Transcript k-mer CCA content,kmer,#8c564b
185,6,23,KMCCT: Transcript k-mer CCT content,kmer,#8c564b
186,6,24,12_CC,CC,#1f77b4
187,6,25,18_CC,CC,#1f77b4
188,6,26,23_CC,CC,#1f77b4
189,7,0,11_AA,AA,#d62728
190,7,1,KMCAA: Transcript k-mer CAA content,kmer,#8c564b
191,7,2,GG,GG,#aec7e8
192,7,3,12_GG,GG,#aec7e8
193,7,4,KMGGG: Transcript k-mer GGG content,kmer,#8c564b
194,7,5,24_GG,GG,#aec7e8
195,7,6,27_GG,GG,#aec7e8
196,7,7,31_AC,AC,#2ca02c
197,7,8,37_AC,AC,#2ca02c
198,7,9,30_AC,AC,#2ca02c
199,7,10,33_AC,AC,#2ca02c
200,7,11,24_AC,AC,#2ca02c
201,7,12,27_AC,AC,#2ca02c
202,7,13,33_GC,GC,#9467bd
203,7,14,24_GC,GC,#9467bd
204,7,15,12_GC,GC,#9467bd
205,7,16,6_GC,GC,#9467bd
206,7,17,1_CG,CG,#c5b0d5
207,7,18,GC,GC,#9467bd
208,7,19,KMCTG: Transcript k-mer CTG content,kmer,#8c564b
209,7,20,KMGCT: Transcript k-mer GCT content,kmer,#8c564b
210,7,21,KMCTC: Transcript k-mer CTC content,kmer,#8c564b
211,7,22,1_CC,CC,#1f77b4
212,7,23,7_CC,CC,#1f77b4
213,7,24,13_CC,CC,#1f77b4
214,7,25,22_CC,CC,#1f77b4
215,7,26,38_CC,CC,#1f77b4
216,8,0,5_AA,AA,#d62728
217,8,1,23_AA,AA,#d62728
218,8,2,6_GG,GG,#aec7e8
219,8,3,4_GG,GG,#aec7e8
220,8,4,10_GG,GG,#aec7e8
221,8,5,22_GG,GG,#aec7e8
222,8,6,16_GG,GG,#aec7e8
223,8,7,30_GG,GG,#aec7e8
224,8,8,40_GG,GG,#aec7e8
225,8,9,34_GG,GG,#aec7e8
226,8,10,33_GG,GG,#aec7e8
227,8,11,36_AC,AC,#2ca02c
228,8,12,39_AC,AC,#2ca02c
229,8,13,27_GC,GC,#9467bd
230,8,14,21_GC,GC,#9467bd
231,8,15,KMAGC: Transcript k-mer AGC content,kmer,#8c564b
232,8,16,C,kmer,#8c564b
233,8,17,KMTGC: Transcript k-mer TGC content,kmer,#8c564b
234,8,18,TC,TC,#bcbd22
235,8,19,KMGTC: Transcript k-mer GTC content,kmer,#8c564b
236,8,20,CT,CT,#dbdb8d
237,8,21,4_CT,CT,#dbdb8d
238,8,22,KMTCC: Transcript k-mer TCC content,kmer,#8c564b
239,8,23,3_CC,CC,#1f77b4
240,8,24,15_CC,CC,#1f77b4
241,8,25,28_CC,CC,#1f77b4
242,8,26,19_CC,CC,#1f77b4
243,9,0,17_AA,AA,#d62728
244,9,1,2_AA,AA,#d62728
245,9,2,KMAAC: Transcript k-mer AAC content,kmer,#8c564b
246,9,3,1_GG,GG,#aec7e8
247,9,4,9_GG,GG,#aec7e8
248,9,5,3_GG,GG,#aec7e8
249,9,6,19_GG,GG,#aec7e8
250,9,7,18_GG,GG,#aec7e8
251,9,8,25_GG,GG,#aec7e8
252,9,9,39_GG,GG,#aec7e8
253,9,10,31_GG,GG,#aec7e8
254,9,11,28_GG,GG,#aec7e8
255,9,12,37_GG,GG,#aec7e8
256,9,13,39_TC,TC,#bcbd22
257,9,14,21_TC,TC,#bcbd22
258,9,15,18_TC,TC,#bcbd22
259,9,16,15_TC,TC,#bcbd22
260,9,17,6_TC,TC,#bcbd22
261,9,18,9_TC,TC,#bcbd22
262,9,19,3_TC,TC,#bcbd22
263,9,20,7_CT,CT,#dbdb8d
264,9,21,10_CT,CT,#dbdb8d
265,9,22,16_CT,CT,#dbdb8d
266,9,23,KMCCC: Transcript k-mer CCC content,kmer,#8c564b
267,9,24,21_CC,CC,#1f77b4
268,9,25,24_CC,CC,#1f77b4
269,9,26,25_CC,CC,#1f77b4
270,10,0,6_AA,AA,#d62728
271,10,1,14_AA,AA,#d62728
272,10,2,32_AA,AA,#d62728
273,10,3,A,kmer,#8c564b
274,10,4,7_GG,GG,#aec7e8
275,10,5,13_GG,GG,#aec7e8
276,10,6,15_GG,GG,#aec7e8
277,10,7,21_GG,GG,#aec7e8
278,10,8,KMAGG: Transcript k-mer AGG content,kmer,#8c564b
279,10,9,36_GG,GG,#aec7e8
280,10,10,29_GG,GG,#aec7e8
281,10,11,G,kmer,#8c564b
282,10,12,32_GG,GG,#aec7e8
283,10,13,38_GG,GG,#aec7e8
284,10,14,27_TC,TC,#bcbd22
285,10,15,24_TC,TC,#bcbd22
286,10,16,12_TC,TC,#bcbd22
287,10,17,10_TC,TC,#bcbd22
288,10,18,1_TC,TC,#bcbd22
289,10,19,1_CT,CT,#dbdb8d
290,10,20,6_CT,CT,#dbdb8d
291,10,21,13_CT,CT,#dbdb8d
292,10,22,19_CT,CT,#dbdb8d
293,10,23,25_CT,CT,#dbdb8d
294,10,24,34_CC,CC,#1f77b4
295,10,25,30_CC,CC,#1f77b4
296,10,26,31_CC,CC,#1f77b4
297,11,0,4_AA,AA,#d62728
298,11,1,35_AA,AA,#d62728
299,11,2,20_AA,AA,#d62728
300,11,3,KMGAA: Transcript k-mer GAA content,kmer,#8c564b
301,11,4,18_GA,GA,#ffbb78
302,11,5,GA,GA,#ffbb78
303,11,6,KMAAG: Transcript k-mer AAG content,kmer,#8c564b
304,11,7,KMGAG: Transcript k-mer GAG content,kmer,#8c564b
305,11,8,23_GG,GG,#aec7e8
306,11,9,5_GG,GG,#aec7e8
307,11,10,11_GG,GG,#aec7e8
308,11,11,26_GG,GG,#aec7e8
309,11,12,20_GG,GG,#aec7e8
310,11,13,8_GG,GG,#aec7e8
311,11,14,33_TC,TC,#bcbd22
312,11,15,30_TC,TC,#bcbd22
313,11,16,22_TC,TC,#bcbd22
314,11,17,19_TC,TC,#bcbd22
315,11,18,7_TC,TC,#bcbd22
316,11,19,4_TC,TC,#bcbd22
317,11,20,9_CT,CT,#dbdb8d
318,11,21,15_CT,CT,#dbdb8d
319,11,22,22_CT,CT,#dbdb8d
320,11,23,28_CT,CT,#dbdb8d
321,11,24,27_CC,CC,#1f77b4
322,11,25,33_CC,CC,#1f77b4
323,11,26,39_CC,CC,#1f77b4
324,12,0,10_AA,AA,#d62728
325,12,1,AA,AA,#d62728
326,12,2,38_AA,AA,#d62728
327,12,3,26_AA,AA,#d62728
328,12,4,24_GA,GA,#ffbb78
329,12,5,9_GA,GA,#ffbb78
330,12,6,6_GA,GA,#ffbb78
331,12,7,3_GA,GA,#ffbb78
332,12,8,4_AG,AG,#ff7f0e
333,12,9,KMGGA: Transcript k-mer GGA content,kmer,#8c564b
334,12,10,35_GG,GG,#aec7e8
335,12,11,17_GG,GG,#aec7e8
336,12,12,14_GG,GG,#aec7e8
337,12,13,2_GG,GG,#aec7e8
338,12,14,36_TC,TC,#bcbd22
339,12,15,40_TC,TC,#bcbd22
340,12,16,34_TC,TC,#bcbd22
341,12,17,16_TC,TC,#bcbd22
342,12,18,13_TC,TC,#bcbd22
343,12,19,3_CT,CT,#dbdb8d
344,12,20,KMTTC: Transcript k-mer TTC content,kmer,#8c564b
345,12,21,12_CT,CT,#dbdb8d
346,12,22,21_CT,CT,#dbdb8d
347,12,23,34_CT,CT,#dbdb8d
348,12,24,31_CT,CT,#dbdb8d
349,12,25,37_CC,CC,#1f77b4
350,12,26,40_CC,CC,#1f77b4
351,13,0,KMAAA: Transcript k-mer AAA content,kmer,#8c564b
352,13,1,18_AA,AA,#d62728
353,13,2,29_AA,AA,#d62728
354,13,3,KMGAT: Transcript k-mer GAT content,kmer,#8c564b
355,13,4,27_GA,GA,#ffbb78
356,13,5,15_GA,GA,#ffbb78
357,13,6,12_GA,GA,#ffbb78
358,13,7,KMAGA: Transcript k-mer AGA content,kmer,#8c564b
359,13,8,1_AG,AG,#ff7f0e
360,13,9,7_AG,AG,#ff7f0e
361,13,10,10_AG,AG,#ff7f0e
362,13,11,AG,AG,#ff7f0e
363,13,12,9_AG,AG,#ff7f0e
364,13,13,15_AG,AG,#ff7f0e
365,13,14,37_TC,TC,#bcbd22
366,13,15,31_TC,TC,#bcbd22
367,13,16,25_TC,TC,#bcbd22
368,13,17,28_TC,TC,#bcbd22
369,13,18,KMTCT: Transcript k-mer TCT content,kmer,#8c564b
370,13,19,2_CT,CT,#dbdb8d
371,13,20,KMCTT: Transcript k-mer CTT content,kmer,#8c564b
372,13,21,18_CT,CT,#dbdb8d
373,13,22,24_CT,CT,#dbdb8d
374,13,23,27_CT,CT,#dbdb8d
375,13,24,33_CT,CT,#dbdb8d
376,13,25,37_CT,CT,#dbdb8d
377,13,26,36_CC,CC,#1f77b4
378,14,0,12_AA,AA,#d62728
379,14,1,16_AA,AA,#d62728
380,14,2,34_AA,AA,#d62728
381,14,3,30_GA,GA,#ffbb78
382,14,4,39_GA,GA,#ffbb78
383,14,5,33_GA,GA,#ffbb78
384,14,6,21_GA,GA,#ffbb78
385,14,7,13_GA,GA,#ffbb78
386,14,8,4_GA,GA,#ffbb78
387,14,9,3_AG,AG,#ff7f0e
388,14,10,1_GA,GA,#ffbb78
389,14,11,6_AG,AG,#ff7f0e
390,14,12,12_AG,AG,#ff7f0e
391,14,13,18_AG,AG,#ff7f0e
392,14,14,21_AG,AG,#ff7f0e
393,14,15,35_TC,TC,#bcbd22
394,14,16,29_TC,TC,#bcbd22
395,14,17,26_TC,TC,#bcbd22
396,14,18,11_TC,TC,#bcbd22
397,14,19,5_CT,CT,#dbdb8d
398,14,20,2_TC,TC,#bcbd22
399,14,21,11_CT,CT,#dbdb8d
400,14,22,32_CT,CT,#dbdb8d
401,14,23,30_CT,CT,#dbdb8d
402,14,24,39_CT,CT,#dbdb8d
403,14,25,36_CT,CT,#dbdb8d
404,14,26,40_CT,CT,#dbdb8d
405,15,0,1_AA,AA,#d62728
406,15,1,22_AA,AA,#d62728
407,15,2,40_AA,AA,#d62728
408,15,3,37_GA,GA,#ffbb78
409,15,4,36_GA,GA,#ffbb78
410,15,5,28_GA,GA,#ffbb78
411,15,6,25_GA,GA,#ffbb78
412,15,7,10_GA,GA,#ffbb78
413,15,8,7_GA,GA,#ffbb78
414,15,9,13_AG,AG,#ff7f0e
415,15,10,19_AG,AG,#ff7f0e
416,15,11,31_AG,AG,#ff7f0e
417,15,12,27_AG,AG,#ff7f0e
418,15,13,24_AG,AG,#ff7f0e
419,15,14,33_AG,AG,#ff7f0e
420,15,15,40_TA,TA,#f7b6d2
421,15,16,38_TC,TC,#bcbd22
422,15,17,23_TC,TC,#bcbd22
423,15,18,17_TC,TC,#bcbd22
424,15,19,8_TC,TC,#bcbd22
425,15,20,8_CT,CT,#dbdb8d
426,15,21,20_CT,CT,#dbdb8d
427,15,22,29_CT,CT,#dbdb8d
428,15,23,26_CT,CT,#dbdb8d
429,15,24,35_CT,CT,#dbdb8d
430,15,25,38_CT,CT,#dbdb8d
431,15,26,40_TG,TG,#9edae5
432,16,0,3_AA,AA,#d62728
433,16,1,24_AA,AA,#d62728
434,16,2,30_AA,AA,#d62728
435,16,3,KMTGA: Transcript k-mer TGA content,kmer,#8c564b
436,16,4,40_GA,GA,#ffbb78
437,16,5,31_GA,GA,#ffbb78
438,16,6,22_GA,GA,#ffbb78
439,16,7,16_GA,GA,#ffbb78
440,16,8,16_AG,AG,#ff7f0e
441,16,9,25_AG,AG,#ff7f0e
442,16,10,34_AG,AG,#ff7f0e
443,16,11,30_AG,AG,#ff7f0e
444,16,12,39_AG,AG,#ff7f0e
445,16,13,35_TA,TA,#f7b6d2
446,16,14,39_TA,TA,#f7b6d2
447,16,15,36_TA,TA,#f7b6d2
448,16,16,34_TA,TA,#f7b6d2
449,16,17,32_TC,TC,#bcbd22
450,16,18,20_TC,TC,#bcbd22
451,16,19,5_TC,TC,#bcbd22
452,16,20,14_CT,CT,#dbdb8d
453,16,21,17_CT,CT,#dbdb8d
454,16,22,23_CT,CT,#dbdb8d
455,16,23,26_TG,TG,#9edae5
456,16,24,35_TG,TG,#9edae5
457,16,25,38_TG,TG,#9edae5
458,16,26,34_TG,TG,#9edae5
459,17,0,7_AA,AA,#d62728
460,17,1,28_AA,AA,#d62728
461,17,2,39_AA,AA,#d62728
462,17,3,17_GA,GA,#ffbb78
463,17,4,35_GA,GA,#ffbb78
464,17,5,38_GA,GA,#ffbb78
465,17,6,34_GA,GA,#ffbb78
466,17,7,19_GA,GA,#ffbb78
467,17,8,22_AG,AG,#ff7f0e
468,17,9,28_AG,AG,#ff7f0e
469,17,10,37_AG,AG,#ff7f0e
470,17,11,36_AG,AG,#ff7f0e
471,17,12,31_TA,TA,#f7b6d2
472,17,13,27_TA,TA,#f7b6d2
473,17,14,37_TA,TA,#f7b6d2
474,17,15,33_TA,TA,#f7b6d2
475,17,16,38_TA,TA,#f7b6d2
476,17,17,28_TA,TA,#f7b6d2
477,17,18,32_TA,TA,#f7b6d2
478,17,19,14_TC,TC,#bcbd22
479,17,20,20_TG,TG,#9edae5
480,17,21,32_TG,TG,#9edae5
481,17,22,23_TG,TG,#9edae5
482,17,23,29_TG,TG,#9edae5
483,17,24,37_TG,TG,#9edae5
484,17,25,31_TG,TG,#9edae5
485,17,26,36_TG,TG,#9edae5
486,18,0,15_AA,AA,#d62728
487,18,1,27_AA,AA,#d62728
488,18,2,5_GA,GA,#ffbb78
489,18,3,23_GA,GA,#ffbb78
490,18,4,32_GA,GA,#ffbb78
491,18,5,26_GA,GA,#ffbb78
492,18,6,32_AG,AG,#ff7f0e
493,18,7,35_AG,AG,#ff7f0e
494,18,8,38_AG,AG,#ff7f0e
495,18,9,40_AG,AG,#ff7f0e
496,18,10,29_TA,TA,#f7b6d2
497,18,11,19_TA,TA,#f7b6d2
498,18,12,23_TA,TA,#f7b6d2
499,18,13,25_TA,TA,#f7b6d2
500,18,14,21_TA,TA,#f7b6d2
501,18,15,20_TA,TA,#f7b6d2
502,18,16,24_TA,TA,#f7b6d2
503,18,17,30_TA,TA,#f7b6d2
504,18,18,22_TA,TA,#f7b6d2
505,18,19,8_TG,TG,#9edae5
506,18,20,14_TG,TG,#9edae5
507,18,21,17_TG,TG,#9edae5
508,18,22,25_TG,TG,#9edae5
509,18,23,22_TG,TG,#9edae5
510,18,24,28_TG,TG,#9edae5
511,18,25,27_TG,TG,#9edae5
512,18,26,39_TG,TG,#9edae5
513,19,0,9_AA,AA,#d62728
514,19,1,37_AA,AA,#d62728
515,19,2,11_GA,GA,#ffbb78
516,19,3,14_GA,GA,#ffbb78
517,19,4,5_AG,AG,#ff7f0e
518,19,5,29_GA,GA,#ffbb78
519,19,6,29_AG,AG,#ff7f0e
520,19,7,26_AG,AG,#ff7f0e
521,19,8,17_AT,AT,#e377c2
522,19,9,11_AT,AT,#e377c2
523,19,10,15_TA,TA,#f7b6d2
524,19,11,13_TA,TA,#f7b6d2
525,19,12,11_TA,TA,#f7b6d2
526,19,13,5_TA,TA,#f7b6d2
527,19,14,17_TA,TA,#f7b6d2
528,19,15,14_TA,TA,#f7b6d2
529,19,16,18_TA,TA,#f7b6d2
530,19,17,16_TA,TA,#f7b6d2
531,19,18,26_TA,TA,#f7b6d2
532,19,19,2_TG,TG,#9edae5
533,19,20,10_TG,TG,#9edae5
534,19,21,11_TG,TG,#9edae5
535,19,22,16_TG,TG,#9edae5
536,19,23,19_TG,TG,#9edae5
537,19,24,24_TG,TG,#9edae5
538,19,25,30_TG,TG,#9edae5
539,19,26,33_TG,TG,#9edae5
540,20,0,13_AA,AA,#d62728
541,20,1,33_AA,AA,#d62728
542,20,2,2_GA,GA,#ffbb78
543,20,3,20_GA,GA,#ffbb78
544,20,4,17_AG,AG,#ff7f0e
545,20,5,20_AG,AG,#ff7f0e
546,20,6,23_AT,AT,#e377c2
547,20,7,26_AT,AT,#e377c2
548,20,8,20_AT,AT,#e377c2
549,20,9,9_AT,AT,#e377c2
550,20,10,14_AT,AT,#e377c2
551,20,11,7_TA,TA,#f7b6d2
552,20,12,1_TA,TA,#f7b6d2
553,20,13,5_AT,AT,#e377c2
554,20,14,12_TA,TA,#f7b6d2
555,20,15,10_TA,TA,#f7b6d2
556,20,16,KMAGT: Transcript k-mer AGT content,kmer,#8c564b
557,20,17,8_TA,TA,#f7b6d2
558,20,18,KMTGT: Transcript k-mer TGT content,kmer,#8c564b
559,20,19,2_GT,GT,#17becf
560,20,20,8_GT,GT,#17becf
561,20,21,12_TG,TG,#9edae5
562,20,22,18_TG,TG,#9edae5
563,20,23,13_TG,TG,#9edae5
564,20,24,15_TG,TG,#9edae5
565,20,25,20_GT,GT,#17becf
566,20,26,21_TG,TG,#9edae5
567,21,0,19_AA,AA,#d62728
568,21,1,31_AA,AA,#d62728
569,21,2,8_GA,GA,#ffbb78
570,21,3,14_AG,AG,#ff7f0e
571,21,4,23_AG,AG,#ff7f0e
572,21,5,32_AT,AT,#e377c2
573,21,6,29_AT,AT,#e377c2
574,21,7,19_AT,AT,#e377c2
575,21,8,15_AT,AT,#e377c2
576,21,9,7_AT,AT,#e377c2
577,21,10,3_AT,AT,#e377c2
578,21,11,KMTAG: Transcript k-mer TAG content,kmer,#8c564b
579,21,12,KMGTA: Transcript k-mer GTA content,kmer,#8c564b
580,21,13,8_AT,AT,#e377c2
581,21,14,KMCTA: Transcript k-mer CTA content,kmer,#8c564b
582,21,15,2_TA,TA,#f7b6d2
583,21,16,4_TA,TA,#f7b6d2
584,21,17,KMACT: Transcript k-mer ACT content,kmer,#8c564b
585,21,18,GT,GT,#17becf
586,21,19,4_TG,TG,#9edae5
587,21,20,14_GT,GT,#17becf
588,21,21,5_TG,TG,#9edae5
589,21,22,5_GT,GT,#17becf
590,21,23,11_GT,GT,#17becf
591,21,24,17_GT,GT,#17becf
592,21,25,23_GT,GT,#17becf
593,21,26,26_GT,GT,#17becf
594,22,0,36_AA,AA,#d62728
595,22,1,2_AG,AG,#ff7f0e
596,22,2,8_AG,AG,#ff7f0e
597,22,3,35_AT,AT,#e377c2
598,22,4,39_AT,AT,#e377c2
599,22,5,27_AT,AT,#e377c2
600,22,6,21_AT,AT,#e377c2
601,22,7,18_AT,AT,#e377c2
602,22,8,13_AT,AT,#e377c2
603,22,9,9_TA,TA,#f7b6d2
604,22,10,12_AT,AT,#e377c2
605,22,11,1_AT,AT,#e377c2
606,22,12,6_AT,AT,#e377c2
607,22,13,4_AT,AT,#e377c2
608,22,14,KMATG: Transcript k-mer ATG content,kmer,#8c564b
609,22,15,6_TA,TA,#f7b6d2
610,22,16,2_AT,AT,#e377c2
611,22,17,T,kmer,#8c564b
612,22,18,KMGTG: Transcript k-mer GTG content,kmer,#8c564b
613,22,19,4_GT,GT,#17becf
614,22,20,12_GT,GT,#17becf
615,22,21,9_TG,TG,#9edae5
616,22,22,7_TG,TG,#9edae5
617,22,23,3_TG,TG,#9edae5
618,22,24,29_GT,GT,#17becf
619,22,25,32_GT,GT,#17becf
620,22,26,0,NaN,#000000
621,23,0,25_AA,AA,#d62728
622,23,1,11_AG,AG,#ff7f0e
623,23,2,38_AT,AT,#e377c2
624,23,3,33_AT,AT,#e377c2
625,23,4,30_AT,AT,#e377c2
626,23,5,25_AT,AT,#e377c2
627,23,6,24_AT,AT,#e377c2
628,23,7,KMAAT: Transcript k-mer AAT content,kmer,#8c564b
629,23,8,10_AT,AT,#e377c2
630,23,9,3_TA,TA,#f7b6d2
631,23,10,KMTAA: Transcript k-mer TAA content,kmer,#8c564b
632,23,11,KMTTA: Transcript k-mer TTA content,kmer,#8c564b
633,23,12,KMATA: Transcript k-mer ATA content,kmer,#8c564b
634,23,13,TA,TA,#f7b6d2
635,23,14,KMTAT: Transcript k-mer TAT content,kmer,#8c564b
636,23,15,AT,AT,#e377c2
637,23,16,KMTAC: Transcript k-mer TAC content,kmer,#8c564b
638,23,17,KMCAT: Transcript k-mer CAT content,kmer,#8c564b
639,23,18,TG,TG,#9edae5
640,23,19,6_GT,GT,#17becf
641,23,20,6_TG,TG,#9edae5
642,23,21,3_GT,GT,#17becf
643,23,22,15_GT,GT,#17becf
644,23,23,24_GT,GT,#17becf
645,23,24,35_GT,GT,#17becf
646,23,25,38_GT,GT,#17becf
647,23,26,0,NaN,#000000
648,24,0,21_AA,AA,#d62728
649,24,1,36_AT,AT,#e377c2
650,24,2,40_AT,AT,#e377c2
651,24,3,31_AT,AT,#e377c2
652,24,4,28_AT,AT,#e377c2
653,24,5,22_AT,AT,#e377c2
654,24,6,16_AT,AT,#e377c2
655,24,7,KMATT: Transcript k-mer ATT content,kmer,#8c564b
656,24,8,12_TT,TT,#ff9896
657,24,9,16_TT,TT,#ff9896
658,24,10,18_TT,TT,#ff9896
659,24,11,22_TT,TT,#ff9896
660,24,12,24_TT,TT,#ff9896
661,24,13,32_TT,TT,#ff9896
662,24,14,28_TT,TT,#ff9896
663,24,15,40_TT,TT,#ff9896
664,24,16,36_TT,TT,#ff9896
665,24,17,34_TT,TT,#ff9896
666,24,18,KMGGT: Transcript k-mer GGT content,kmer,#8c564b
667,24,19,10_GT,GT,#17becf
668,24,20,9_GT,GT,#17becf
669,24,21,18_GT,GT,#17becf
670,24,22,22_GT,GT,#17becf
671,24,23,40_GT,GT,#17becf
672,24,24,36_GT,GT,#17becf
673,24,25,33_GT,GT,#17becf
674,24,26,0,NaN,#000000
675,25,0,37_AT,AT,#e377c2
676,25,1,34_AT,AT,#e377c2
677,25,2,4_TT,TT,#ff9896
678,25,3,TT,TT,#ff9896
679,25,4,2_TT,TT,#ff9896
680,25,5,KMGTT: Transcript k-mer GTT content,kmer,#8c564b
681,25,6,6_TT,TT,#ff9896
682,25,7,14_TT,TT,#ff9896
683,25,8,10_TT,TT,#ff9896
684,25,9,20_TT,TT,#ff9896
685,25,10,17_TT,TT,#ff9896
686,25,11,26_TT,TT,#ff9896
687,25,12,38_TT,TT,#ff9896
688,25,13,29_TT,TT,#ff9896
689,25,14,30_TT,TT,#ff9896
690,25,15,39_TT,TT,#ff9896
691,25,16,35_TT,TT,#ff9896
692,25,17,31_TT,TT,#ff9896
693,25,18,KMTGG: Transcript k-mer TGG content,kmer,#8c564b
694,25,19,1_TG,TG,#9edae5
695,25,20,13_GT,GT,#17becf
696,25,21,19_GT,GT,#17becf
697,25,22,21_GT,GT,#17becf
698,25,23,34_GT,GT,#17becf
699,25,24,30_GT,GT,#17becf
700,25,25,39_GT,GT,#17becf
701,25,26,0,NaN,#000000
702,26,0,KMTTG: Transcript k-mer TTG content,kmer,#8c564b
703,26,1,8_TT,TT,#ff9896
704,26,2,1_TT,TT,#ff9896
705,26,3,KMTTT: Transcript k-mer TTT content,kmer,#8c564b
706,26,4,3_TT,TT,#ff9896
707,26,5,5_TT,TT,#ff9896
708,26,6,9_TT,TT,#ff9896
709,26,7,11_TT,TT,#ff9896
710,26,8,7_TT,TT,#ff9896
711,26,9,13_TT,TT,#ff9896
712,26,10,15_TT,TT,#ff9896
713,26,11,19_TT,TT,#ff9896
714,26,12,23_TT,TT,#ff9896
715,26,13,21_TT,TT,#ff9896
716,26,14,27_TT,TT,#ff9896
717,26,15,25_TT,TT,#ff9896
718,26,16,33_TT,TT,#ff9896
719,26,17,37_TT,TT,#ff9896
720,26,18,1_GT,GT,#17becf
721,26,19,7_GT,GT,#17becf
722,26,20,16_GT,GT,#17becf
723,26,21,31_GT,GT,#17becf
724,26,22,28_GT,GT,#17becf
725,26,23,25_GT,GT,#17becf
726,26,24,27_GT,GT,#17becf
727,26,25,37_GT,GT,#17becf
728,26,26,0,NaN,#000000
